source,target,ligand,Beta_Slope,receptor,PSC_Slope,prob,pval,interaction_name,interaction_name_2,pathway_name,annotation,evidence,source.target,prob.original,group.names,dataset
Beta,PSC,ANGPTL2,0.739302731,ITGA5_ITGB1,"0.937624024454352,0.353279010633248",0.128470112,3,ANGPTL2_ITGA5_ITGB1,ANGPTL2 - (ITGA5+ITGB1),ANGPTL,Secreted Signaling,PMID: 24478758,Beta -> PSC (T2D),0.00041638,Beta -> PSC,T2D
Beta,PSC,BMP5,0.929388704,ACVR1_BMPR2,"0.126155609902602,0.829460659967347",0.139418885,3,BMP5_ACVR1_BMPR2,BMP5 - (ACVR1+BMPR2),BMP,Secreted Signaling,KEGG: hsa04350; PMID:26893264,Beta -> PSC (T2D),0.000767302,Beta -> PSC,T2D
Beta,PSC,BMP5,0.929388704,ACVR1_BMPR2,"0.126155609902602,0.829460659967347",0.133632594,3,BMP5_ACVR1_BMPR2,BMP5 - (ACVR1+BMPR2),BMP,Secreted Signaling,KEGG: hsa04350; PMID:26893264,Beta -> PSC (H),0.000562452,Beta -> PSC,H
Beta,PSC,CADM1,0.956665855,NECTIN3,0.277475458,0.140871802,2,CADM1_NECTIN3,CADM1 - NECTIN3,CADM,Cell-Cell Contact,uniprot,Beta -> PSC (T2D),0.000826217,Beta -> PSC,T2D
Beta,PSC,CDH1,0.723055468,ITGA2_ITGB1,"0.846809475658293,0.937624024454352",0.178350077,3,CDH1_ITGA1_ITGB1,CDH1 - (ITGA1+ITGB1),CDH1,Cell-Cell Contact,PMID: 12392763,Beta -> PSC (T2D),0.003672252,Beta -> PSC,T2D
Beta,PSC,CDH1,0.723055468,ITGA2_ITGB1,"0.846809475658293,0.937624024454352",0.172944823,3,CDH1_ITGA1_ITGB1,CDH1 - (ITGA1+ITGB1),CDH1,Cell-Cell Contact,PMID: 12392763,Beta -> PSC (H),0.003081955,Beta -> PSC,H
Beta,PSC,CNTN1,0.56662654,NOTCH2,0.730133253,0.125344787,3,CNTN1_NOTCH2,CNTN1 - NOTCH2,CNTN,Cell-Cell Contact,reactome;PMID:14567914;PMID: 33957164,Beta -> PSC (T2D),0.000342927,Beta -> PSC,T2D
Beta,PSC,CNTN1,0.56662654,NOTCH2,0.730133253,0.117329841,3,CNTN1_NOTCH2,CNTN1 - NOTCH2,CNTN,Cell-Cell Contact,reactome;PMID:14567914;PMID: 33957164,Beta -> PSC (H),0.000198846,Beta -> PSC,H
Beta,PSC,COL6A1,0.456222752,ITGA11_ITGB1,"0.0630167933571519,0.937624024454352",0.094491633,3,COL6A1_ITGA11_ITGB1,COL6A1 - (ITGA11+ITGB1),COLLAGEN,ECM-Receptor,KEGG: hsa04512,Beta -> PSC (T2D),2.53E-05,Beta -> PSC,T2D
Beta,PSC,COL6A1,0.456222752,ITGA11_ITGB1,"0.0630167933571519,0.937624024454352",0.084162274,3,COL6A1_ITGA11_ITGB1,COL6A1 - (ITGA11+ITGB1),COLLAGEN,ECM-Receptor,KEGG: hsa04512,Beta -> PSC (H),6.92E-06,Beta -> PSC,H
Beta,PSC,DLK1,0.880283599,NOTCH2,0.730133253,0.170098537,3,DLK1_NOTCH2,DLK1 - NOTCH2,NOTCH,Cell-Cell Contact,PMID: 22353464,Beta -> PSC (T2D),0.002797734,Beta -> PSC,T2D
Beta,PSC,DLK1,0.880283599,NOTCH2,0.730133253,0.155055195,3,DLK1_NOTCH2,DLK1 - NOTCH2,NOTCH,Cell-Cell Contact,PMID: 22353464,Beta -> PSC (H),0.001581603,Beta -> PSC,H
Beta,PSC,GDF15,0.769719908,TGFBR2,0.117421645,0.105780193,3,GDF15_TGFBR2,GDF15 - TGFBR2,GDF,Secreted Signaling,KEGG: hsa04350,Beta -> PSC (T2D),7.84E-05,Beta -> PSC,T2D
Beta,PSC,GDF15,0.769719908,TGFBR2,0.117421645,0.087657434,3,GDF15_TGFBR2,GDF15 - TGFBR2,GDF,Secreted Signaling,KEGG: hsa04350,Beta -> PSC (H),1.11E-05,Beta -> PSC,H
Beta,PSC,NAMPT,0.887695848,ITGA5_ITGB1,"0.937624024454352,0.353279010633248",0.154335754,3,NAMPT_ITGA5_ITGB1,NAMPT - (ITGA5+ITGB1),VISFATIN,Secreted Signaling,PMID: 28490838,Beta -> PSC (T2D),0.001534762,Beta -> PSC,T2D
Beta,PSC,NAMPT,0.887695848,ITGA5_ITGB1,"0.937624024454352,0.353279010633248",0.151951994,3,NAMPT_ITGA5_ITGB1,NAMPT - (ITGA5+ITGB1),VISFATIN,Secreted Signaling,PMID: 28490838,Beta -> PSC (H),0.001386426,Beta -> PSC,H
Beta,PSC,NCAM1,0.197052322,FGFR1,0.605136503,0.138931527,3,NCAM1_FGFR1,NCAM1 - FGFR1,NCAM,Cell-Cell Contact,PMID: 12791257,Beta -> PSC (T2D),0.000748237,Beta -> PSC,T2D
Beta,PSC,NCAM1,0.197052322,FGFR1,0.605136503,0.134218453,3,NCAM1_FGFR1,NCAM1 - FGFR1,NCAM,Cell-Cell Contact,PMID: 12791257,Beta -> PSC (H),0.000581128,Beta -> PSC,H
Beta,PSC,NRXN1,0.123129016,CLSTN1,0.606262326,0.137310418,3,NRXN1_CLSTN1,NRXN1 - CLSTN1,NRXN,Cell-Cell Contact,PMID: 32434929,Beta -> PSC (T2D),0.00068728,Beta -> PSC,T2D
Beta,PSC,NRXN1,0.123129016,CLSTN1,0.606262326,0.133253336,3,NRXN1_CLSTN1,NRXN1 - CLSTN1,NRXN,Cell-Cell Contact,PMID: 32434929,Beta -> PSC (H),0.0005506,Beta -> PSC,H
Beta,PSC,NRXN1,0.123129016,NLGN2,0.665750965,0.078733386,3,NRXN1_NLGN2,NRXN1 - NLGN2,NRXN,Cell-Cell Contact,KEGG: hsa04514,Beta -> PSC (T2D),3.05E-06,Beta -> PSC,T2D
Beta,PSC,PGE2-PTGES2,0.417760169,PTGER2,0.235785464,0.106449446,3,PGE2-PTGES2_PTGER2,PGE2-PTGES2 - PTGER2,Prostaglandin,Non-protein Signaling,PMID: 34949672;PMID: 21508345,Beta -> PSC (T2D),8.32E-05,Beta -> PSC,T2D
Beta,PSC,PGE2-PTGES2,0.417760169,PTGER2,0.235785464,0.09806727,3,PGE2-PTGES2_PTGER2,PGE2-PTGES2 - PTGER2,Prostaglandin,Non-protein Signaling,PMID: 34949672;PMID: 21508345,Beta -> PSC (H),3.73E-05,Beta -> PSC,H
Beta,PSC,PGE2-PTGES3,0.92947333,PTGER2,0.235785464,0.125194057,3,PGE2-PTGES3_PTGER2,PGE2-PTGES3 - PTGER2,Prostaglandin,Non-protein Signaling,PMID: 34949672;PMID: 21508345,Beta -> PSC (T2D),0.000339648,Beta -> PSC,T2D
Beta,PSC,PGE2-PTGES3,0.92947333,PTGER2,0.235785464,0.112538243,3,PGE2-PTGES3_PTGER2,PGE2-PTGES3 - PTGER2,Prostaglandin,Non-protein Signaling,PMID: 34949672;PMID: 21508345,Beta -> PSC (H),0.00013833,Beta -> PSC,H
Beta,PSC,PROS1,0.729079784,AXL,0.83419271,0.11467459,3,PROS1_AXL,PROS1 - AXL,PROS,Secreted Signaling,PMID: 29531161,Beta -> PSC (T2D),0.000163234,Beta -> PSC,T2D
Beta,PSC,PROS1,0.729079784,AXL,0.83419271,0.10488033,3,PROS1_AXL,PROS1 - AXL,PROS,Secreted Signaling,PMID: 29531161,Beta -> PSC (H),7.23E-05,Beta -> PSC,H
Beta,PSC,PTPRM,0.23950579,PTPRM,0.712489225,0.099163212,3,PTPRM_PTPRM,PTPRM - PTPRM,PTPRM,Cell-Cell Contact,KEGG: hsa04514,Beta -> PSC (T2D),4.17E-05,Beta -> PSC,T2D
Beta,PSC,PTPRM,0.23950579,PTPRM,0.712489225,0.095574125,3,PTPRM_PTPRM,PTPRM - PTPRM,PTPRM,Cell-Cell Contact,KEGG: hsa04514,Beta -> PSC (H),2.86E-05,Beta -> PSC,H
Beta,PSC,SDC2,0.730300932,ADGRA2,0.06371492,0.113944075,3,SDC2_ADGRA2,SDC2 - ADGRA2,ADGRA,Cell-Cell Contact,PMID: 31462748,Beta -> PSC (T2D),0.000154358,Beta -> PSC,T2D
Beta,PSC,SDC2,0.730300932,ADGRA2,0.06371492,0.113591836,3,SDC2_ADGRA2,SDC2 - ADGRA2,ADGRA,Cell-Cell Contact,PMID: 31462748,Beta -> PSC (H),0.000150214,Beta -> PSC,H
Beta,PSC,SPP1,0.95514952,ITGA5_ITGB1,"0.937624024454352,0.353279010633248",0.236994925,3,SPP1_ITGA5_ITGB1,SPP1 - (ITGA5+ITGB1),SPP1,Secreted Signaling,PMID: 21907263,Beta -> PSC (T2D),0.014706001,Beta -> PSC,T2D
Beta,PSC,SPP1,0.95514952,ITGA5_ITGB1,"0.937624024454352,0.353279010633248",0.208187829,3,SPP1_ITGA5_ITGB1,SPP1 - (ITGA5+ITGB1),SPP1,Secreted Signaling,PMID: 21907263,Beta -> PSC (H),0.008202185,Beta -> PSC,H
Beta,PSC,SPP1,0.95514952,ITGAV_ITGB1,"0.937624024454352,0.521099557758201",0.240647236,3,SPP1_ITGAV_ITGB1,SPP1 - (ITGAV+ITGB1),SPP1,Secreted Signaling,PMID: 21907263,Beta -> PSC (T2D),0.015678575,Beta -> PSC,T2D
Beta,PSC,SPP1,0.95514952,ITGAV_ITGB1,"0.937624024454352,0.521099557758201",0.212801134,3,SPP1_ITGAV_ITGB1,SPP1 - (ITGAV+ITGB1),SPP1,Secreted Signaling,PMID: 21907263,Beta -> PSC (H),0.009102346,Beta -> PSC,H
Beta,PSC,SPP1,0.95514952,ITGAV_ITGB5,"0.521099557758201,0.841388381506849",0.188027485,3,SPP1_ITGAV_ITGB5,SPP1 - (ITGAV+ITGB5),SPP1,Secreted Signaling,PMID: 21907263,Beta -> PSC (T2D),0.004900729,Beta -> PSC,T2D
Beta,PSC,SPP1,0.95514952,ITGAV_ITGB5,"0.521099557758201,0.841388381506849",0.166728082,3,SPP1_ITGAV_ITGB5,SPP1 - (ITGAV+ITGB5),SPP1,Secreted Signaling,PMID: 21907263,Beta -> PSC (H),0.002484237,Beta -> PSC,H
Beta,PSC,TENM3,0.816166743,ADGRL2,0.045941749,0.077119773,3,TENM3_ADGRL2,TENM3 - ADGRL2,ADGRL,Cell-Cell Contact,PMID: 25728924;PMID: 34022279;PMID: 27091502;PMID: 35907405,Beta -> PSC (T2D),2.34E-06,Beta -> PSC,T2D
Beta,PSC,TENM3,0.816166743,ADGRL2,0.045941749,0.066177698,3,TENM3_ADGRL2,TENM3 - ADGRL2,ADGRL,Cell-Cell Contact,PMID: 25728924;PMID: 34022279;PMID: 27091502;PMID: 35907405,Beta -> PSC (H),2.74E-07,Beta -> PSC,H
Beta,PSC,TGFB1,0.83359492,ACVR1_TGFbR,"0.126155609902602,0.119280918203958",0.09230293,3,TGFB1_ACVR1_TGFBR1,TGFB1 - (ACVR1+TGFBR1),TGFb,Secreted Signaling,PMID: 29376829,Beta -> PSC (T2D),1.97E-05,Beta -> PSC,T2D
Beta,PSC,TGFB1,0.83359492,ACVR1_TGFbR,"0.126155609902602,0.119280918203958",0.084309564,3,TGFB1_ACVR1_TGFBR1,TGFB1 - (ACVR1+TGFBR1),TGFb,Secreted Signaling,PMID: 29376829,Beta -> PSC (H),7.06E-06,Beta -> PSC,H
Beta,PSC,TGFB1,0.83359492,ACVR1B_TGFbR2,"0.310809543600476,0.117421645065224",0.073862817,2,TGFB1_ACVR1B_TGFBR2,TGFB1 - (ACVR1B+TGFBR2),TGFb,Secreted Signaling,PMID: 27449815,Beta -> PSC (T2D),1.32E-06,Beta -> PSC,T2D
Beta,PSC,TGFB1,0.83359492,ACVR1B_TGFbR2,"0.310809543600476,0.117421645065224",0.068402505,3,TGFB1_ACVR1B_TGFBR2,TGFB1 - (ACVR1B+TGFBR2),TGFb,Secreted Signaling,PMID: 27449815,Beta -> PSC (H),4.48E-07,Beta -> PSC,H
Beta,PSC,TGFB1,0.83359492,TGFbR1_R2,"0.119280918203958,0.117421645065224",0.08426091,3,TGFB1_TGFBR1_TGFBR2,TGFB1 - (TGFBR1+TGFBR2),TGFb,Secreted Signaling,KEGG: hsa04350,Beta -> PSC (T2D),7.01E-06,Beta -> PSC,T2D
Beta,PSC,TGFB1,0.83359492,TGFbR1_R2,"0.119280918203958,0.117421645065224",0.07838794,3,TGFB1_TGFBR1_TGFBR2,TGFB1 - (TGFBR1+TGFBR2),TGFb,Secreted Signaling,KEGG: hsa04350,Beta -> PSC (H),2.88E-06,Beta -> PSC,H